{"cameraMode":{"drawMode":0,"name":"Shaded","section":"Shading Mode"},"sceneLighting":true,"audioPlay":false,"sceneViewState":{"m_AlwaysRefresh":false,"showFog":true,"showSkybox":true,"showFlares":true,"showImageEffects":true,"showParticleSystems":true,"showVisualEffectGraphs":true,"m_FxEnabled":true},"in2DMode":false,"pivot":{"x":-6.047920227050781,"y":7.791385650634766,"z":7.416101455688477},"rotation":{"x":0.007953993044793606,"y":0.4678678512573242,"z":-0.0042109303176403049,"w":0.8837524652481079},"size":5.424745559692383,"orthographic":false}