{"cameraMode":{"drawMode":0,"name":"Shaded","section":"Shading Mode"},"sceneLighting":true,"audioPlay":false,"sceneViewState":{"m_AlwaysRefresh":false,"showFog":true,"showSkybox":true,"showFlares":true,"showImageEffects":true,"showParticleSystems":true,"showVisualEffectGraphs":true,"m_FxEnabled":true},"in2DMode":false,"pivot":{"x":1.972677230834961,"y":-0.27691221237182619,"z":21.53085708618164},"rotation":{"x":0.09687850624322891,"y":0.5991175770759583,"z":-0.07334126532077789,"w":0.7913883328437805},"size":15.293819427490235,"orthographic":true}